"","X1","X2","X3","X4","X5","X6","X7","X8","X9","X10","X11","X12","X13","X14","X15","X16","X17","X18","X19","X20","X21","X22","X23","X24","X25","X26","X27","X28","X29","X30","X31","X32","X33","X34","X35","X36","X37","X38","X39","X40","X41","X42","X43","X44","X45","X46","X47","X48","X49","X50","X51","X52","X53","X54","X55","X56","X57","X58","X59","X60","X61","X62","X63","X64","X65","X66","X67","X68","X69","X70","X71","X72","X73","X74","X75","X76","X77","X78","X79","X80","X81","X82","X83","X84","X85","X86","X87","X88","X89","X90","X91","X92","X93","X94","X95","X96","X97","X98","X99","X100","X101","candidate"
"POS","34240075","34240076","34240077","34240078","34240079","34240080","34240081","34240082","34240083","34240084","34240085","34240086","34240087","34240088","34240089","34240090","34240091","34240092","34240093","34240094","34240095","34240096","34240097","34240098","34240099","34240100","34240101","34240102","34240103","34240104","34240105","34240106","34240107","34240108","34240109","34240110","34240111","34240112","34240113","34240114","34240115","34240116","34240117","34240118","34240119","34240120","34240121","34240122","34240123","34240124","34240125","34240126","34240127","34240128","34240129","34240130","34240131","34240132","34240133","34240134","34240135","34240136","34240137","34240138","34240139","34240140","34240141","34240142","34240143","34240144","34240145","34240146","34240147","34240148","34240149","34240150","34240151","34240152","34240153","34240154","34240155","34240156","34240157","34240158","34240159","34240160","34240161","34240162","34240163","34240164","34240165","34240166","34240167","34240168","34240169","34240170","34240171","34240172","34240173","34240174","34240175",34240125
"REF","G","A","T","G","T","A","T","G","A","C","A","C","T","A","A","C","A","T","G","C","A","G","G","A","A","G","A","T","A","A","A","G","A","A","A","G","A","G","A","G","A","G","G","G","T","T","A","T","A","A","A","T","G","A","T","C","C","T","A","A","T","G","C","T","G","T","A","G","T","T","C","C","A","G","C","A","G","C","A","T","T","C","G","T","T","T","C","A","T","T","C","A","G","A","A","C","C","C","G","A","T",34240125
"ALT",".",".",".",".",".",".",".",".",".",".",".",".",".",".",".",".",".",".",".",".",".",".",".",".",".",".",".",".",".",".",".",".",".",".",".",".",".",".",".",".",".",".",".",".",".",".",".",".",".",".","G",".",".",".",".",".",".",".",".",".",".",".",".",".",".",".",".",".",".",".",".",".",".",".",".",".",".",".",".",".",".",".",".",".","A",".",".",".",".",".",".",".",".",".",".",".",".",".",".",".",".",34240125
"POS1","34462012","34462013","34462014","34462015","34462016","34462017","34462018","34462019","34462020","34462021","34462022","34462023","34462024","34462025","34462026","34462027","34462028","34462029","34462030","34462031","34462032","34462033","34462034","34462035","34462036","34462037","34462038","34462039","34462040","34462041","34462042","34462043","34462044","34462045","34462046","34462047","34462048","34462049","34462050","34462051","34462052","34462053","34462054","34462055","34462056","34462057","34462058","34462059","34462060","34462061","34462062","34462063","34462064","34462065","34462066","34462067","34462068","34462069","34462070","34462071","34462072","34462073","34462074","34462075","34462076","34462077","34462078","34462079","34462080","34462081","34462082","34462083","34462084","34462085","34462086","34462087","34462088","34462089","34462090","34462091","34462092","34462093","34462094","34462095","34462096","34462097","34462098","34462099","34462100","34462101","34462102","34462103","34462104","34462105","34462106","34462107","34462108","34462109","34462110","34462111","34462112",34462062
"REF1","A","T","A","G","T","A","C","A","T","A","A","T","A","C","T","G","G","T","G","T","A","T","T","G","G","A","G","G","G","G","G","A","A","A","A","T","T","G","T","G","A","G","C","C","A","A","T","T","G","A","C","A","T","A","G","C","T","A","A","T","G","C","T","G","C","A","G","T","A","T","A","T","C","T","T","G","C","A","T","C","T","G","A","G","G","A","T","G","C","C","A","A","G","T","A","C","G","T","T","A","A",34462062
"ALT1",".",".",".",".",".",".",".",".",".","G",".",".",".",".",".",".",".",".",".",".",".",".",".",".",".",".",".",".",".",".",".",".",".",".",".",".",".",".",".",".",".",".",".",".",".",".",".",".",".",".","T",".",".",".",".",".",".",".",".",".",".",".",".",".",".",".",".",".",".",".",".",".",".",".",".",".",".",".",".",".",".",".",".",".",".",".",".",".",".",".",".",".",".",".",".",".",".",".",".",".",".",34462062
"POS2","32476529","32476530","32476531","32476532","32476533","32476534","32476535","32476536","32476537","32476538","32476539","32476540","32476541","32476542","32476543","32476544","32476545","32476546","32476547","32476548","32476549","32476550","32476551","32476552","32476553","32476554","32476555","32476556","32476557","32476558","32476559","32476560","32476561","32476562","32476563","32476564","32476565","32476566","32476567","32476568","32476569","32476570","32476571","32476572","32476573","32476574","32476575","32476576","32476577","32476578","32476579","32476580","32476581","32476582","32476583","32476584","32476585","32476586","32476587","32476588","32476589","32476590","32476591","32476592","32476593","32476594","32476595","32476596","32476597","32476598","32476599","32476600","32476601","32476602","32476603","32476604","32476605","32476606","32476607","32476608","32476609","32476610","32476611","32476612","32476613","32476614","32476615","32476616","32476617","32476618","32476619","32476620","32476621","32476622","32476623","32476624","32476625","32476626","32476627","32476628","32476629",32476579
"REF2","T","G","A","A","A","G","T","C","A","C","T","T","A","G","G","T","A","T","G","C","T","A","G","C","T","G","C","G","C","T","A","A","A","T","A","C","T","T","A","T","C","G","G","C","C","G","A","T","T","A","T","G","G","G","T","A","G","T","G","G","C","A","G","C","G","C","C","T","C","C","G","A","G","T","C","T","C","T","G","G","C","A","A","G","T","A","G","G","T","C","A","A","A","T","C","C","A","C","A","C","C",32476579
"ALT2",".",".",".",".",".",".",".",".",".",".",".",".",".",".",".",".",".",".",".",".",".",".",".",".",".",".",".",".",".",".",".",".",".",".",".",".",".",".",".",".",".",".",".",".",".",".",".",".",".",".","C",".",".",".",".",".",".",".",".",".",".",".",".",".",".",".",".",".",".",".",".",".",".",".",".",".",".",".",".",".","G",".",".",".",".","C",".",".",".",".",".",".",".",".",".",".",".",".",".",".",".",32476579
"POS3","34737467","34737468","34737469","34737470","34737471","34737472","34737473","34737474","34737475","34737476","34737477","34737478","34737479","34737480","34737481","34737482","34737483","34737484","34737485","34737486","34737487","34737488","34737489","34737490","34737491","34737492","34737493","34737494","34737495","34737496","34737497","34737498","34737499","34737500","34737501","34737502","34737503","34737504","34737505","34737506","34737507","34737508","34737509","34737510","34737511","34737512","34737513","34737514","34737515","34737516","34737517","34737518","34737519","34737520","34737521","34737522","34737523","34737524","34737525","34737526","34737527","34737528","34737529","34737530","34737531","34737532","34737533","34737534","34737535","34737536","34737537","34737538","34737539","34737540","34737541","34737542","34737543","34737544","34737545","34737546","34737547","34737548","34737549","34737550","34737551","34737552","34737553","34737554","34737555","34737556","34737557","34737558","34737559","34737560","34737561","34737562","34737563","34737564","34737565","34737566","34737567",34737517
"REF3","T","G","A","G","A","C","T","G","A","A","T","A","G","G","T","T","T","C","A","A","T","G","G","A","A","G","C","A","T","C","A","A","C","T","C","C","T","G","C","C","A","A","T","T","C","T","C","C","G","A","T","T","A","T","T","A","G","A","C","C","T","A","T","A","A","A","C","A","A","A","G","G","C","G","T","G","G","T","G","C","A","C","A","G","A","A","T","C","T","G","C","G","C","C","G","G","C","C","A","A","G",34737517
"ALT3",".",".",".",".",".",".",".",".",".",".",".",".",".",".",".",".",".",".",".",".",".",".",".",".",".",".",".",".",".",".",".",".",".",".",".",".",".",".",".","A",".",".",".",".",".",".",".",".",".",".","G",".",".",".",".",".",".",".",".",".",".",".",".",".",".",".",".",".",".",".",".",".",".",".",".",".",".",".",".",".",".",".",".",".",".",".",".",".",".",".",".","T",".",".",".",".",".",".",".",".",".",34737517
"POS4","35808168","35808169","35808170","35808171","35808172","35808173","35808174","35808175","35808176","35808177","35808178","35808179","35808180","35808181","35808182","35808183","35808184","35808185","35808186","35808187","35808188","35808189","35808190","35808191","35808192","35808193","35808194","35808195","35808196","35808197","35808198","35808199","35808200","35808201","35808202","35808203","35808204","35808205","35808206","35808207","35808208","35808209","35808210","35808211","35808212","35808213","35808214","35808215","35808216","35808217","35808218","35808219","35808220","35808221","35808222","35808223","35808224","35808225","35808226","35808227","35808228","35808229","35808230","35808231","35808232","35808233","35808234","35808235","35808236","35808237","35808238","35808239","35808240","35808241","35808242","35808243","35808244","35808245","35808246","35808247","35808248","35808249","35808250","35808251","35808252","35808253","35808254","35808255","35808256","35808257","35808258","35808259","35808260","35808261","35808262","35808263","35808264","35808265","35808266","35808267","35808268",35808218
"REF4","T","G","A","A","C","A","C","T","A","C","A","G","G","T","G","G","T","A","A","T","C","C","C","A","A","C","C","A","G","T","A","C","C","C","A","A","A","G","G","G","A","A","C","A","T","G","G","G","A","T","A","A","A","A","T","A","C","A","G","A","A","G","T","T","C","C","T","G","A","C","C","T","C","C","T","C","T","G","C","A","G","G","G","C","G","A","T","C","A","G","C","C","A","T","A","T","T","G","G","C","T",35808218
"ALT4",".",".",".",".",".",".",".",".",".",".",".",".",".",".",".",".",".",".",".",".",".",".",".",".",".",".",".",".",".",".",".",".",".",".","T",".",".",".",".",".",".",".",".",".",".",".",".",".",".",".","C",".",".",".",".",".",".",".",".",".",".",".",".",".",".",".",".",".","C",".",".",".",".",".",".",".",".",".",".",".",".",".",".",".",".",".",".",".",".",".",".",".",".",".",".",".",".",".",".",".",".",35808218
"POS5","37269290","37269291","37269292","37269293","37269294","37269295","37269296","37269297","37269298","37269299","37269300","37269301","37269302","37269303","37269304","37269305","37269306","37269307","37269308","37269309","37269310","37269311","37269312","37269313","37269314","37269315","37269316","37269317","37269318","37269319","37269320","37269321","37269322","37269323","37269324","37269325","37269326","37269327","37269328","37269329","37269330","37269331","37269332","37269333","37269334","37269335","37269336","37269337","37269338","37269339","37269340","37269341","37269342","37269343","37269344","37269345","37269346","37269347","37269348","37269349","37269350","37269351","37269352","37269353","37269354","37269355","37269356","37269357","37269358","37269359","37269360","37269361","37269362","37269363","37269364","37269365","37269366","37269367","37269368","37269369","37269370","37269371","37269372","37269373","37269374","37269375","37269376","37269377","37269378","37269379","37269380","37269381","37269382","37269383","37269384","37269385","37269386","37269387","37269388","37269389","37269390",37269340
"REF5","T","T","G","T","T","C","A","G","C","A","G","C","T","T","G","A","T","T","C","C","T","A","T","T","C","T","G","G","C","C","A","T","C","C","T","G","G","G","A","G","G","A","A","C","C","A","T","G","G","T","A","C","T","G","A","G","C","C","A","A","A","T","C","A","A","A","G","A","A","T","T","T","T","C","T","A","G","A","C","T","G","T","T","G","A","G","G","C","A","T","T","T","G","C","A","T","T","G","A","A","C",37269340
"ALT5",".",".",".",".",".",".",".",".",".",".",".",".",".",".",".",".",".",".",".",".",".",".",".",".",".",".",".",".",".",".",".",".",".",".",".",".","A",".",".",".",".",".",".",".",".",".",".",".",".",".","G",".",".",".",".",".",".",".",".",".",".",".",".",".",".",".",".",".",".",".",".",".",".",".",".",".",".",".",".",".",".",".","A",".",".",".",".",".",".",".",".",".",".",".",".",".",".",".",".",".",".",37269340
"POS6","29598735","29598736","29598737","29598738","29598739","29598740","29598741","29598742","29598743","29598744","29598745","29598746","29598747","29598748","29598749","29598750","29598751","29598752","29598753","29598754","29598755","29598756","29598757","29598758","29598759","29598760","29598761","29598762","29598763","29598764","29598765","29598766","29598767","29598768","29598769","29598770","29598771","29598772","29598773","29598774","29598775","29598776","29598777","29598778","29598779","29598780","29598781","29598782","29598783","29598784","29598785","29598786","29598787","29598788","29598789","29598790","29598791","29598792","29598793","29598794","29598795","29598796","29598797","29598798","29598799","29598800","29598801","29598802","29598803","29598804","29598805","29598806","29598807","29598808","29598809","29598810","29598811","29598812","29598813","29598814","29598815","29598816","29598817","29598818","29598819","29598820","29598821","29598822","29598823","29598824","29598825","29598826","29598827","29598828","29598829","29598830","29598831","29598832","29598833","29598834","29598835",29598785
"REF6","C","G","A","T","A","A","T","T","C","A","C","T","A","C","A","A","T","A","T","A","T","A","T","G","C","A","T","A","T","A","A","T","C","C","T","T","A","A","A","A","A","A","A","T","T","G","C","T","G","T","C","A","T","C","G","A","A","A","T","T","G","G","G","G","T","T","A","C","T","T","C","T","T","C","A","G","C","A","G","A","A","A","C","T","G","A","G","A","T","C","T","C","G","T","T","G","G","C","C","T","T",29598785
"ALT6",".",".",".",".",".",".",".",".",".",".",".",".",".","A",".",".",".",".",".",".",".",".",".",".",".",".",".",".",".",".","G",".",".",".",".",".","T",".",".",".",".",".",".",".",".",".",".",".",".",".","G",".",".",".",".",".",".",".",".",".",".",".",".",".",".",".",".",".",".",".",".",".",".",".",".",".",".",".",".",".",".",".",".",".",".",".",".",".",".",".",".",".",".",".",".",".",".",".",".",".",".",29598785
"POS7","29944336","29944337","29944338","29944339","29944340","29944341","29944342","29944343","29944344","29944345","29944346","29944347","29944348","29944349","29944350","29944351","29944352","29944353","29944354","29944355","29944356","29944357","29944358","29944359","29944360","29944361","29944362","29944363","29944364","29944365","29944366","29944367","29944368","29944369","29944370","29944371","29944372","29944373","29944374","29944375","29944376","29944377","29944378","29944379","29944380","29944381","29944382","29944383","29944384","29944385","29944386","29944387","29944388","29944389","29944390","29944391","29944392","29944393","29944394","29944395","29944396","29944397","29944398","29944399","29944400","29944401","29944402","29944403","29944404","29944405","29944406","29944407","29944408","29944409","29944410","29944411","29944412","29944413","29944414","29944415","29944416","29944417","29944418","29944419","29944420","29944421","29944422","29944423","29944424","29944425","29944426","29944427","29944428","29944429","29944430","29944431","29944432","29944433","29944434","29944435","29944436",29944386
"REF7","C","A","A","C","A","A","T","T","G","A","C","T","C","G","G","A","A","T","C","C","T","A","A","C","A","T","C","A","T","G","A","G","G","G","A","A","A","T","C","A","T","G","A","A","T","A","T","G","C","C","C","G","T","T","A","T","T","C","A","G","A","A","C","C","T","A","A","T","G","A","A","T","A","A","C","C","C","T","G","A","G","A","T","C","A","T","G","C","G","G","A","A","C","T","T","G","A","T","A","A","T",29944386
"ALT7",".",".",".",".",".",".",".","A",".",".",".",".",".",".",".",".",".",".",".",".",".",".","G",".",".",".",".",".",".",".",".",".",".",".",".",".",".",".",".",".",".",".",".",".",".",".",".",".",".",".","T",".",".",".",".",".",".",".",".",".",".",".",".",".",".",".",".",".",".",".",".","C",".",".",".",".",".",".",".",".",".",".",".",".",".",".",".",".",".",".",".",".",".",".",".",".",".",".",".",".",".",29944386
"POS8","31196776","31196777","31196778","31196779","31196780","31196781","31196782","31196783","31196784","31196785","31196786","31196787","31196788","31196789","31196790","31196791","31196792","31196793","31196794","31196795","31196796","31196797","31196798","31196799","31196800","31196801","31196802","31196803","31196804","31196805","31196806","31196807","31196808","31196809","31196810","31196811","31196812","31196813","31196814","31196815","31196816","31196817","31196818","31196819","31196820","31196821","31196822","31196823","31196824","31196825","31196826","31196827","31196828","31196829","31196830","31196831","31196832","31196833","31196834","31196835","31196836","31196837","31196838","31196839","31196840","31196841","31196842","31196843","31196844","31196845","31196846","31196847","31196848","31196849","31196850","31196851","31196852","31196853","31196854","31196855","31196856","31196857","31196858","31196859","31196860","31196861","31196862","31196863","31196864","31196865","31196866","31196867","31196868","31196869","31196870","31196871","31196872","31196873","31196874","31196875","31196876",31196826
"REF8","G","C","T","C","C","T","A","A","T","G","G","T","A","A","G","T","T","A","G","T","G","A","T","G","T","A","T","G","T","A","A","T","G","A","A","G","G","T","T","A","T","G","C","T","C","T","T","T","T","T","C","G","A","T","G","G","T","G","A","G","T","T","T","G","T","G","T","C","T","T","T","G","T","G","A","G","A","G","A","G","A","G","A","A","A","G","A","A","G","T","G","C","T","C","T","A","A","G","C","T","G",31196826
"ALT8",".",".",".",".",".",".",".",".",".",".",".",".",".",".",".",".",".",".",".",".",".",".",".",".",".",".",".",".",".",".",".",".",".",".",".",".",".",".",".",".",".",".",".",".",".",".",".","C",".",".","T",".",".",".",".",".",".",".","G,C",".",".",".",".",".",".",".",".",".",".",".",".",".",".",".",".",".",".",".",".",".",".",".",".",".",".",".",".",".","T",".",".",".",".",".",".",".",".",".",".",".",".",31196826
"POS9","32865065","32865066","32865067","32865068","32865069","32865070","32865071","32865072","32865073","32865074","32865075","32865076","32865077","32865078","32865079","32865080","32865081","32865082","32865083","32865084","32865085","32865086","32865087","32865088","32865089","32865090","32865091","32865092","32865093","32865094","32865095","32865096","32865097","32865098","32865099","32865100","32865101","32865102","32865103","32865104","32865105","32865106","32865107","32865108","32865109","32865110","32865111","32865112","32865113","32865114","32865115","32865116","32865117","32865118","32865119","32865120","32865121","32865122","32865123","32865124","32865125","32865126","32865127","32865128","32865129","32865130","32865131","32865132","32865133","32865134","32865135","32865136","32865137","32865138","32865139","32865140","32865141","32865142","32865143","32865144","32865145","32865146","32865147","32865148","32865149","32865150","32865151","32865152","32865153","32865154","32865155","32865156","32865157","32865158","32865159","32865160","32865161","32865162","32865163","32865164","32865165",32865115
"REF9","C","T","C","T","A","T","T","C","A","A","A","A","G","G","T","T","T","T","T","A","C","T","T","C","A","T","T","A","A","T","T","C","T","T","C","A","T","T","G","T","G","A","A","T","T","C","A","G","G","A","A","T","T","T","C","T","A","G","A","A","G","A","T","G","T","A","G","G","A","C","C","C","C","T","T","G","A","G","A","G","C","C","T","T","C","A","G","T","T","G","G","A","T","G","G","T","C","C","T","G","C",32865115
"ALT9",".",".",".",".",".",".",".",".",".",".",".",".",".",".","C",".",".",".",".",".",".",".",".",".",".",".",".","G",".",".",".",".",".",".",".",".",".",".",".",".",".",".",".",".",".",".",".",".",".",".","G",".",".",".",".",".",".",".","C",".",".",".",".",".",".",".",".",".",".",".",".",".",".",".",".",".",".",".",".",".",".",".",".",".",".",".",".",".",".",".",".",".",".",".",".",".",".",".",".",".",".",32865115
"POS10","34737508","34737509","34737510","34737511","34737512","34737513","34737514","34737515","34737516","34737517","34737518","34737519","34737520","34737521","34737522","34737523","34737524","34737525","34737526","34737527","34737528","34737529","34737530","34737531","34737532","34737533","34737534","34737535","34737536","34737537","34737538","34737539","34737540","34737541","34737542","34737543","34737544","34737545","34737546","34737547","34737548","34737549","34737550","34737551","34737552","34737553","34737554","34737555","34737556","34737557","34737558","34737559","34737560","34737561","34737562","34737563","34737564","34737565","34737566","34737567","34737568","34737569","34737570","34737571","34737572","34737573","34737574","34737575","34737576","34737577","34737578","34737579","34737580","34737581","34737582","34737583","34737584","34737585","34737586","34737587","34737588","34737589","34737590","34737591","34737592","34737593","34737594","34737595","34737596","34737597","34737598","34737599","34737600","34737601","34737602","34737603","34737604","34737605","34737606","34737607","34737608",34737558
"REF10","A","T","T","C","T","C","C","G","A","T","T","A","T","T","A","G","A","C","C","T","A","T","A","A","A","C","A","A","A","G","G","C","G","T","G","G","T","G","C","A","C","A","G","A","A","T","C","T","G","C","G","C","C","G","G","C","C","A","A","G","T","G","A","T","C","T","T","A","G","A","C","C","T","T","T","C","A","T","C","G","G","C","C","G","T","G","A","A","G","G","A","G","T","T","G","G","T","T","G","A","A",34737558
"ALT10",".",".",".",".",".",".",".",".",".","G",".",".",".",".",".",".",".",".",".",".",".",".",".",".",".",".",".",".",".",".",".",".",".",".",".",".",".",".",".",".",".",".",".",".",".",".",".",".",".",".","T",".",".",".",".",".",".",".",".",".",".",".",".",".",".",".",".",".",".",".",".",".",".",".",".",".",".",".",".",".",".",".",".",".",".",".",".",".",".",".",".",".",".","A",".",".",".","A",".",".",".",34737558
"POS11","37370665","37370666","37370667","37370668","37370669","37370670","37370671","37370672","37370673","37370674","37370675","37370676","37370677","37370678","37370679","37370680","37370681","37370682","37370683","37370684","37370685","37370686","37370687","37370688","37370689","37370690","37370691","37370692","37370693","37370694","37370695","37370696","37370697","37370698","37370699","37370700","37370701","37370702","37370703","37370704","37370705","37370706","37370707","37370708","37370709","37370710","37370711","37370712","37370713","37370714","37370715","37370716","37370717","37370718","37370719","37370720","37370721","37370722","37370723","37370724","37370725","37370726","37370726","37370727","37370728","37370729","37370730","37370731","37370732","37370733","37370734","37370735","37370736","37370737","37370738","37370739","37370740","37370741","37370742","37370743","37370744","37370745","37370746","37370747","37370748","37370749","37370750","37370751","37370752","37370753","37370754","37370755","37370756","37370757","37370758","37370759","37370760","37370761","37370762","37370763","37370764",37370715
"REF11","A","G","A","C","T","T","C","A","A","G","A","A","A","A","A","A","T","G","G","A","T","T","G","A","G","G","T","A","T","A","T","A","T","T","C","T","T","T","T","G","T","G","T","T","C","C","A","C","T","A","G","T","T","G","T","G","G","A","A","T","T","T","TA","A","T","T","T","T","T","C","C","A","T","T","C","T","G","A","A","C","T","G","A","T","A","G","T","A","A","C","C","T","A","C","T","T","C","T","T","T","T",37370715
"ALT11",".",".",".",".",".",".",".",".",".",".",".",".",".",".",".",".",".",".",".",".",".",".",".",".",".",".",".",".",".",".",".",".",".",".",".",".",".",".",".",".",".",".",".",".",".",".",".",".",".",".","A",".",".",".",".",".",".",".","G",".",".",".","T",".",".",".",".",".",".",".",".",".",".",".",".",".",".",".",".",".",".",".",".",".",".",".","A",".",".",".",".",".",".",".",".",".",".",".",".",".",".",37370715
"POS12","39131121","39131122","39131123","39131124","39131125","39131126","39131127","39131128","39131129","39131130","39131131","39131132","39131133","39131134","39131135","39131136","39131137","39131138","39131139","39131140","39131141","39131142","39131143","39131144","39131145","39131146","39131147","39131148","39131149","39131150","39131151","39131152","39131153","39131154","39131155","39131156","39131157","39131158","39131159","39131160","39131161","39131162","39131163","39131164","39131165","39131166","39131167","39131168","39131169","39131170","39131171","39131172","39131173","39131174","39131175","39131176","39131177","39131178","39131179","39131180","39131181","39131182","39131183","39131184","39131185","39131186","39131187","39131188","39131189","39131190","39131191","39131192","39131193","39131194","39131195","39131196","39131197","39131198","39131199","39131200","39131201","39131202","39131203","39131204","39131205","39131206","39131207","39131208","39131209","39131210","39131211","39131212","39131213","39131214","39131215","39131216","39131217","39131218","39131219","39131220","39131221",39131171
"REF12","T","T","G","A","T","G","A","C","C","A","G","G","C","T","G","G","A","A","A","A","G","G","A","T","C","T","A","A","T","G","A","A","G","C","G","A","A","A","G","C","A","G","T","A","A","A","T","A","T","A","A","G","G","A","A","A","A","A","T","G","A","A","A","T","G","A","A","A","G","G","T","A","A","C","A","T","G","T","C","A","A","T","T","G","G","C","A","T","C","A","G","C","G","A","G","A","A","G","A","A","T",39131171
"ALT12",".",".",".",".",".",".",".",".",".",".",".",".",".",".",".",".",".",".",".",".",".",".",".",".",".",".",".",".",".",".",".",".",".",".","A",".",".",".",".",".",".",".",".",".",".",".",".",".","C",".","G",".",".",".",".",".",".",".",".",".",".",".",".",".",".",".",".",".",".",".",".",".",".",".",".",".",".",".",".",".",".",".",".",".",".",".",".",".",".",".",".",".",".",".",".",".","T",".",".",".",".",39131171
"POS13","29423031","29423032","29423033","29423034","29423035","29423036","29423037","29423038","29423039","29423040","29423041","29423042","29423043","29423044","29423045","29423046","29423047","29423048","29423049","29423050","29423051","29423052","29423053","29423054","29423055","29423056","29423057","29423058","29423059","29423060","29423061","29423062","29423063","29423064","29423065","29423066","29423066","29423067","29423068","29423068","29423069","29423070","29423071","29423072","29423073","29423074","29423075","29423076","29423077","29423078","29423079","29423080","29423081","29423082","29423083","29423084","29423085","29423086","29423087","29423088","29423089","29423090","29423091","29423092","29423093","29423094","29423095","29423096","29423097","29423098","29423099","29423100","29423101","29423102","29423103","29423104","29423105","29423106","29423107","29423108","29423109","29423110","29423111","29423112","29423113","29423114","29423115","29423116","29423117","29423118","29423119","29423120","29423121","29423122","29423123","29423124","29423125","29423126","29423127","29423128","29423129",29423079
"REF13","T","C","T","T","G","G","T","T","T","T","T","G","C","T","T","A","G","T","A","G","T","T","G","A","T","T","T","G","A","T","G","G","T","T","A","T","TGGG","G","G","G","G","T","T","T","A","A","C","A","C","A","C","A","C","T","C","T","T","T","C","T","C","T","A","T","A","C","C","A","G","G","T","T","G","C","T","G","A","A","G","G","T","T","A","T","C","C","A","C","C","C","A","A","C","T","T","G","A","A","G","A","G",29423079
"ALT13",".",".",".",".",".",".",".",".",".","A",".",".",".",".",".",".",".",".",".",".",".",".",".",".",".",".",".",".",".","C",".",".",".",".",".",".","TGGGG",".",".",".",".",".",".",".",".",".",".",".",".",".","T",".",".",".",".",".",".",".",".",".",".",".",".",".",".",".",".",".",".",".",".",".",".",".",".",".",".",".",".",".",".",".",".",".",".",".",".",".",".",".",".",".",".",".",".",".",".",".",".",".",".",29423079
"POS14","30140060","30140061","30140062","30140063","30140064","30140065","30140066","30140067","30140068","30140069","30140070","30140071","30140072","30140073","30140074","30140075","30140076","30140077","30140078","30140079","30140080","30140081","30140082","30140083","30140084","30140085","30140086","30140087","30140088","30140089","30140090","30140091","30140092","30140093","30140094","30140095","30140096","30140097","30140098","30140099","30140100","30140101","30140102","30140103","30140104","30140105","30140106","30140107","30140108","30140109","30140110","30140111","30140112","30140113","30140114","30140115","30140116","30140117","30140118","30140119","30140120","30140121","30140122","30140123","30140124","30140125","30140126","30140127","30140128","30140129","30140130","30140131","30140132","30140133","30140134","30140135","30140136","30140137","30140138","30140139","30140140","30140141","30140142","30140143","30140144","30140145","30140146","30140147","30140148","30140149","30140150","30140151","30140152","30140153","30140154","30140155","30140156","30140157","30140158","30140159","30140160",30140110
"REF14","T","G","C","A","T","C","T","C","C","T","G","C","A","A","G","A","T","G","G","T","A","A","A","G","A","A","C","T","C","T","T","C","G","G","G","T","A","C","A","T","C","A","A","G","G","C","T","C","T","T","A","G","T","T","T","G","C","C","T","G","G","A","A","A","T","G","G","A","T","T","C","A","A","T","T","C","T","A","G","C","C","T","G","T","T","C","T","T","C","T","T","T","G","T","C","A","A","C","G","T","T",30140110
"ALT14",".",".",".",".",".",".",".",".",".",".",".",".","T",".",".",".",".",".",".",".","T",".",".",".",".","G",".",".",".",".",".",".",".",".",".",".",".","T",".",".",".",".",".",".",".",".",".",".",".",".","G",".",".",".",".",".",".",".",".",".",".",".",".",".",".",".",".",".",".",".",".",".",".",".",".",".",".",".",".",".",".",".",".",".",".",".",".",".",".",".",".",".",".",".",".",".",".",".",".",".",".",30140110
"POS15","30312817","30312818","30312819","30312820","30312821","30312822","30312823","30312824","30312825","30312826","30312827","30312828","30312829","30312830","30312831","30312832","30312833","30312834","30312835","30312836","30312837","30312838","30312839","30312840","30312841","30312842","30312843","30312844","30312845","30312846","30312847","30312848","30312849","30312850","30312851","30312852","30312853","30312854","30312855","30312856","30312857","30312858","30312859","30312860","30312861","30312862","30312863","30312864","30312865","30312866","30312867","30312868","30312869","30312870","30312871","30312872","30312873","30312874","30312875","30312876","30312877","30312878","30312879","30312880","30312881","30312882","30312883","30312884","30312885","30312886","30312887","30312888","30312889","30312890","30312891","30312892","30312893","30312894","30312895","30312896","30312897","30312898","30312899","30312900","30312901","30312902","30312903","30312904","30312905","30312906","30312907","30312908","30312909","30312910","30312911","30312912","30312913","30312914","30312915","30312916","30312917",30312867
"REF15","T","C","T","T","T","C","C","A","A","G","A","T","C","C","A","A","T","T","T","T","G","A","G","T","A","C","T","A","G","C","T","C","G","G","C","A","A","A","A","A","C","T","G","C","T","C","C","A","A","C","A","T","C","A","A","A","G","G","C","A","G","T","A","C","T","A","T","G","T","T","C","C","G","A","G","G","A","A","A","A","T","A","T","G","G","C","A","G","T","A","A","T","T","C","C","A","T","C","A","T","C",30312867
"ALT15",".",".",".",".",".",".",".",".",".",".",".",".",".",".",".",".",".",".",".",".",".",".",".",".",".","G",".",".",".",".",".",".","C",".",".",".",".",".",".",".",".",".",".",".",".",".",".",".",".","T","G",".",".",".",".",".",".",".",".",".",".",".",".",".","C",".",".",".",".",".",".",".",".",".",".",".",".",".",".",".",".",".",".",".",".",".",".",".",".",".",".",".",".",".",".",".",".",".",".",".",".",30312867
"POS16","31748899","31748900","31748901","31748902","31748903","31748904","31748905","31748906","31748907","31748908","31748909","31748910","31748911","31748912","31748913","31748914","31748915","31748916","31748917","31748918","31748919","31748920","31748921","31748922","31748923","31748924","31748925","31748926","31748927","31748928","31748929","31748930","31748931","31748932","31748933","31748934","31748935","31748936","31748937","31748938","31748939","31748940","31748941","31748942","31748943","31748944","31748945","31748946","31748947","31748948","31748949","31748950","31748951","31748952","31748953","31748954","31748955","31748956","31748957","31748958","31748959","31748960","31748961","31748962","31748963","31748964","31748965","31748966","31748967","31748968","31748969","31748970","31748971","31748972","31748973","31748974","31748975","31748976","31748977","31748978","31748979","31748980","31748981","31748982","31748983","31748984","31748985","31748986","31748986","31748987","31748988","31748989","31748990","31748991","31748992","31748993","31748994","31748995","31748996","31748997","31748998",31748949
"REF16","A","A","G","T","G","T","T","T","C","T","G","A","T","C","T","G","A","G","G","C","T","A","T","G","A","T","G","A","A","A","G","A","T","C","T","G","T","A","A","C","T","T","G","A","C","T","C","C","A","A","G","C","A","G","C","A","G","T","G","T","T","T","C","T","C","T","G","C","C","C","T","A","A","C","A","G","A","G","A","A","G","G","A","T","C","A","G","G","GTTTTT","T","T","T","T","T","G","T","G","T","T","A","T",31748949
"ALT16",".",".",".",".",".",".",".",".",".","G",".",".",".",".",".",".",".",".",".",".",".",".",".",".",".",".",".",".",".",".",".",".",".",".",".",".",".",".",".",".",".",".",".",".",".",".",".",".",".",".","A",".",".",".",".",".",".",".",".","A",".",".",".",".",".",".",".",".",".",".",".",".",".",".",".",".",".",".",".",".",".",".",".",".",".",".",".","T",".",".",".",".",".","A",".",".",".",".",".",".",".",31748949
"POS17","33945143","33945144","33945145","33945146","33945147","33945148","33945149","33945150","33945151","33945152","33945153","33945154","33945155","33945156","33945157","33945158","33945159","33945160","33945161","33945162","33945163","33945164","33945165","33945166","33945167","33945168","33945169","33945170","33945171","33945172","33945173","33945174","33945175","33945176","33945177","33945178","33945179","33945180","33945181","33945182","33945183","33945184","33945185","33945186","33945187","33945188","33945189","33945190","33945191","33945192","33945193","33945194","33945195","33945196","33945197","33945198","33945199","33945200","33945201","33945202","33945203","33945204","33945205","33945206","33945207","33945208","33945209","33945210","33945211","33945212","33945213","33945214","33945215","33945216","33945217","33945218","33945219","33945220","33945221","33945222","33945223","33945224","33945225","33945226","33945227","33945228","33945229","33945230","33945231","33945232","33945233","33945234","33945235","33945236","33945237","33945238","33945239","33945240","33945241","33945242","33945243",33945193
"REF17","G","A","G","C","G","T","C","C","C","A","T","T","T","T","A","G","T","T","G","C","A","G","C","T","T","C","T","G","T","T","G","G","C","A","G","C","T","A","T","G","G","A","G","C","T","T","A","T","T","T","A","G","C","T","G","A","T","G","G","A","T","C","T","G","A","G","T","A","C","A","G","G","T","G","A","G","T","A","G","A","C","A","T","G","T","T","A","T","T","G","A","A","A","A","C","A","A","T","G","C","A",33945193
"ALT17",".",".",".",".",".",".",".",".",".",".",".",".",".",".",".",".",".",".",".",".",".",".",".",".",".",".",".",".",".",".",".",".",".",".",".",".",".",".",".",".",".",".",".",".",".",".",".",".",".",".","G",".",".",".","A",".",".",".",".",".",".",".",".",".",".",".",".",".",".",".",".",".",".",".",".",".",".",".",".",".",".",".",".",".",".",".",".",".",".","C",".",".","G",".",".","T",".",".",".",".",".",33945193
"POS18","34843920","34843921","34843922","34843923","34843924","34843925","34843926","34843927","34843928","34843929","34843930","34843931","34843932","34843933","34843934","34843935","34843936","34843937","34843938","34843939","34843940","34843941","34843942","34843943","34843944","34843945","34843946","34843947","34843948","34843949","34843950","34843951","34843952","34843953","34843954","34843955","34843956","34843957","34843958","34843959","34843960","34843961","34843962","34843963","34843964","34843965","34843966","34843967","34843968","34843969","34843970","34843971","34843972","34843973","34843974","34843975","34843976","34843977","34843978","34843979","34843980","34843981","34843982","34843983","34843984","34843985","34843986","34843987","34843988","34843989","34843990","34843991","34843992","34843993","34843994","34843995","34843996","34843997","34843998","34843999","34844000","34844001","34844002","34844003","34844004","34844005","34844006","34844007","34844008","34844009","34844010","34844011","34844012","34844013","34844014","34844015","34844016","34844017","34844018","34844019","34844020",34843970
"REF18","C","G","G","T","A","T","T","A","T","G","A","G","C","C","T","A","C","A","T","T","T","T","A","T","G","G","G","C","G","G","T","T","G","C","T","T","G","C","T","A","G","C","T","T","C","T","C","A","T","T","A","T","C","C","T","T","C","G","A","T","G","C","C","T","C","A","G","T","T","C","T","T","C","T","A","C","T","C","A","A","A","T","T","T","G","G","A","G","A","T","A","T","T","G","G","A","T","T","G","T","T",34843970
"ALT18",".",".",".",".",".",".",".",".",".",".",".",".",".",".",".",".",".",".",".",".",".",".",".",".",".",".",".",".",".",".",".",".",".",".",".",".",".",".",".",".",".",".",".",".",".",".",".",".","A",".","G",".",".",".",".",".","T",".",".",".",".",".",".",".",".",".",".",".",".",".",".",".",".",".",".",".",".",".",".",".","G",".",".","C",".",".",".",".",".",".",".",".",".",".",".",".",".",".",".",".",".",34843970
"POS19","35045406","35045407","35045408","35045409","35045410","35045411","35045412","35045413","35045414","35045415","35045416","35045417","35045418","35045419","35045420","35045421","35045422","35045423","35045424","35045425","35045426","35045427","35045428","35045429","35045430","35045431","35045432","35045433","35045434","35045435","35045436","35045437","35045438","35045439","35045440","35045441","35045442","35045443","35045444","35045445","35045446","35045447","35045448","35045449","35045450","35045451","35045452","35045453","35045454","35045455","35045456","35045457","35045458","35045459","35045460","35045461","35045462","35045463","35045464","35045465","35045466","35045467","35045468","35045469","35045470","35045471","35045472","35045473","35045474","35045475","35045476","35045477","35045478","35045479","35045480","35045481","35045482","35045483","35045484","35045485","35045486","35045487","35045488","35045489","35045490","35045491","35045492","35045493","35045494","35045495","35045496","35045497","35045498","35045499","35045500","35045501","35045502","35045503","35045504","35045505","35045506",35045456
"REF19","A","A","T","A","A","T","A","A","G","C","A","T","T","T","G","C","A","A","C","A","T","G","C","G","A","G","T","T","T","G","G","A","G","G","C","A","A","A","G","G","G","G","G","A","G","T","T","A","T","T","G","T","C","A","C","A","G","G","G","A","A","A","T","G","A","T","G","T","T","G","C","C","A","A","A","A","T","G","A","T","A","G","A","G","T","C","A","A","A","T","A","T","T","C","C","A","A","T","G","T","A",35045456
"ALT19",".",".",".",".",".",".",".",".",".",".",".",".",".",".",".",".",".",".",".",".",".",".",".",".",".",".","G",".",".",".",".",".",".",".",".",".",".",".",".",".",".",".",".",".",".",".",".",".",".",".","A",".",".",".",".",".",".",".",".",".","T","C",".",".",".",".",".",".",".",".",".",".",".",".",".",".",".",".",".",".",".",".",".",".",".",".","T",".",".",".",".",".",".",".",".",".",".",".",".",".",".",35045456
"POS20","35204717","35204718","35204719","35204720","35204721","35204722","35204723","35204724","35204725","35204726","35204727","35204728","35204729","35204730","35204731","35204732","35204733","35204734","35204735","35204736","35204737","35204738","35204739","35204740","35204741","35204742","35204743","35204744","35204745","35204746","35204747","35204748","35204749","35204750","35204751","35204752","35204753","35204754","35204755","35204756","35204757","35204758","35204759","35204760","35204761","35204762","35204763","35204764","35204765","35204766","35204767","35204768","35204769","35204770","35204771","35204772","35204773","35204774","35204775","35204776","35204777","35204778","35204779","35204780","35204781","35204782","35204783","35204784","35204785","35204786","35204787","35204788","35204789","35204790","35204791","35204792","35204793","35204794","35204795","35204796","35204797","35204798","35204799","35204800","35204801","35204802","35204803","35204804","35204805","35204806","35204807","35204808","35204809","35204810","35204811","35204812","35204813","35204814","35204815","35204816","35204817",35204767
"REF20","A","G","A","A","T","C","T","T","C","A","A","C","C","T","C","T","G","G","A","A","G","A","A","T","C","A","A","T","G","A","G","T","C","A","G","A","T","G","G","A","C","T","A","G","T","A","T","A","T","G","T","A","A","T","A","T","C","A","T","T","A","T","C","A","T","C","G","T","G","T","G","C","T","G","G","C","C","C","A","G","G","A","A","A","T","T","C","C","T","T","G","A","T","A","C","T","A","G","A","T","A",35204767
"ALT20",".",".",".",".",".",".",".",".",".",".",".",".",".",".",".",".",".",".",".",".",".",".",".",".",".",".",".",".",".",".",".",".",".",".",".",".",".",".",".",".",".",".",".",".",".",".",".",".",".",".","C",".",".",".",".",".",".",".",".",".",".",".",".",".",".",".",".",".",".",".",".",".",".",".",".",".",".",".",".",".",".",".","T",".",".",".",".",".",".",".",".",".",".",".",".","G",".",".",".","C","T",35204767
"POS21","36159732","36159733","36159734","36159735","36159736","36159737","36159738","36159739","36159740","36159741","36159742","36159743","36159744","36159745","36159746","36159747","36159748","36159749","36159750","36159751","36159752","36159753","36159754","36159755","36159756","36159757","36159758","36159759","36159760","36159761","36159762","36159762","36159763","36159764","36159765","36159766","36159767","36159768","36159769","36159770","36159771","36159772","36159773","36159774","36159775","36159776","36159777","36159778","36159779","36159780","36159781","36159782","36159783","36159784","36159785","36159786","36159787","36159788","36159789","36159790","36159791","36159792","36159793","36159794","36159795","36159796","36159797","36159797","36159798","36159799","36159800","36159801","36159802","36159803","36159804","36159805","36159806","36159807","36159808","36159809","36159810","36159811","36159812","36159813","36159814","36159815","36159816","36159817","36159818","36159819","36159820","36159821","36159822","36159823","36159824","36159825","36159826","36159827","36159828","36159829","36159830",36159781
"REF21","G","C","C","G","C","A","C","A","G","A","T","A","G","G","C","T","T","A","T","G","A","G","G","C","A","T","C","A","A","A","A","AGC","G","C","A","T","T","A","T","A","A","G","A","C","C","A","T","A","A","T","G","C","G","A","C","A","G","T","G","G","A","A","C","T","A","T","G","GAA","A","A","T","T","T","T","C","A","A","G","T","A","G","T","T","T","G","G","C","A","A","A","T","T","T","A","C","C","A","A","T","G","A",36159781
"ALT21",".",".",".",".",".",".",".",".",".",".",".",".",".",".",".",".",".",".",".",".",".",".",".",".",".",".",".",".",".",".",".","A",".",".",".","C","G",".",".",".",".",".",".",".",".",".",".",".",".",".","T",".",".",".",".",".",".",".",".",".",".",".",".",".",".",".",".","GA",".",".",".",".",".",".",".",".",".",".",".",".",".",".",".",".",".",".",".",".",".",".",".",".",".",".",".",".",".",".",".",".",".",36159781
"POS22","37123533","37123534","37123535","37123536","37123537","37123538","37123539","37123540","37123541","37123542","37123543","37123544","37123545","37123546","37123547","37123548","37123549","37123550","37123551","37123552","37123553","37123554","37123555","37123556","37123557","37123558","37123559","37123560","37123561","37123562","37123563","37123564","37123565","37123566","37123567","37123568","37123569","37123570","37123571","37123572","37123573","37123574","37123575","37123576","37123577","37123578","37123579","37123580","37123581","37123582","37123583","37123584","37123585","37123586","37123587","37123588","37123589","37123590","37123591","37123592","37123593","37123594","37123595","37123596","37123597","37123598","37123599","37123600","37123601","37123602","37123603","37123604","37123605","37123606","37123607","37123608","37123609","37123610","37123611","37123612","37123613","37123614","37123615","37123616","37123617","37123618","37123619","37123620","37123621","37123622","37123623","37123624","37123625","37123626","37123627","37123628","37123629","37123630","37123631","37123632","37123633",37123583
"REF22","A","C","T","C","T","T","T","C","C","A","G","A","G","G","A","A","G","G","A","C","T","A","T","C","C","C","A","C","C","T","T","C","C","A","T","G","A","A","T","T","C","C","C","C","T","G","G","A","A","T","G","A","T","T","G","C","T","T","A","T","A","T","C","C","C","C","T","C","T","A","G","T","G","G","G","C","G","G","G","G","A","T","G","A","A","C","C","A","T","A","G","T","C","A","T","T","T","C","G","C","C",37123583
"ALT22",".","T",".",".","C",".",".",".",".","T",".",".",".",".",".",".",".",".",".",".",".",".",".",".",".",".","G",".",".",".",".",".",".",".",".",".",".",".",".",".",".",".",".",".",".",".",".",".",".",".","A",".",".",".",".",".",".",".",".",".",".",".",".",".",".",".",".",".",".",".",".",".",".",".",".",".",".",".",".",".",".",".",".",".",".",".",".",".",".",".",".",".",".",".",".",".",".",".",".",".",".",37123583
"POS23","37863467","37863468","37863469","37863470","37863471","37863472","37863473","37863474","37863475","37863476","37863477","37863478","37863479","37863480","37863481","37863482","37863483","37863484","37863485","37863486","37863487","37863488","37863489","37863490","37863491","37863492","37863493","37863494","37863495","37863496","37863497","37863498","37863499","37863500","37863501","37863502","37863503","37863504","37863505","37863506","37863507","37863508","37863509","37863510","37863511","37863512","37863513","37863514","37863515","37863516","37863517","37863518","37863519","37863520","37863521","37863522","37863523","37863524","37863525","37863526","37863527","37863528","37863529","37863530","37863531","37863532","37863533","37863534","37863535","37863536","37863537","37863538","37863539","37863540","37863541","37863542","37863543","37863544","37863545","37863546","37863547","37863548","37863549","37863550","37863551","37863552","37863553","37863554","37863555","37863556","37863557","37863558","37863559","37863560","37863561","37863562","37863563","37863564","37863565","37863566","37863567",37863517
"REF23","G","G","T","A","T","A","T","A","T","C","A","C","A","A","G","T","G","G","C","A","A","A","A","C","A","T","G","G","T","G","A","G","T","T","T","C","T","A","G","A","G","C","T","G","A","T","G","C","A","C","G","C","A","T","T","T","T","C","A","T","T","T","G","T","G","G","C","A","T","T","T","T","A","A","A","A","T","G","T","T","G","T","G","C","T","C","T","G","G","G","T","G","A","A","C","G","A","G","A","T","T",37863517
"ALT23",".",".",".",".",".",".",".",".",".",".",".",".","T",".",".",".",".",".",".",".",".",".",".",".",".",".",".",".",".",".",".",".",".",".",".",".",".",".",".",".",".",".",".",".",".",".",".",".",".",".","A",".",".",".",".",".","C",".",".",".",".",".",".",".",".",".",".",".",".",".",".",".",".","T",".",".",".",".",".",".",".",".",".",".",".",".",".",".",".",".",".",".",".",".",".","A",".",".",".",".",".",37863517
"POS24","38699742","38699743","38699744","38699745","38699746","38699747","38699748","38699749","38699750","38699751","38699752","38699753","38699754","38699755","38699756","38699757","38699758","38699759","38699760","38699761","38699762","38699763","38699764","38699765","38699766","38699767","38699768","38699769","38699770","38699771","38699772","38699773","38699774","38699775","38699776","38699777","38699778","38699779","38699780","38699781","38699782","38699783","38699784","38699785","38699786","38699787","38699788","38699789","38699790","38699791","38699792","38699793","38699794","38699795","38699796","38699797","38699798","38699799","38699800","38699801","38699802","38699803","38699804","38699805","38699806","38699807","38699808","38699809","38699810","38699811","38699812","38699813","38699814","38699815","38699816","38699817","38699818","38699819","38699820","38699821","38699822","38699823","38699824","38699825","38699826","38699827","38699828","38699829","38699830","38699831","38699832","38699833","38699834","38699835","38699836","38699837","38699838","38699839","38699840","38699841","38699842",38699792
"REF24","G","A","T","C","T","C","C","C","A","C","T","G","C","A","A","A","G","A","A","A","T","A","G","A","G","T","C","A","C","T","T","T","G","T","A","T","C","C","T","A","T","T","C","A","G","G","G","T","G","A","A","T","A","T","T","C","A","C","G","A","G","A","C","A","A","G","T","T","G","A","T","G","C","T","T","C","A","A","A","G","A","A","T","A","A","G","A","T","C","T","T","A","C","A","T","T","G","T","A","A","G",38699792
"ALT24",".","G",".",".",".",".",".",".","T",".",".",".",".",".",".",".",".",".",".",".",".",".",".",".",".",".",".",".",".",".",".",".",".",".",".",".",".",".",".",".",".",".",".",".",".",".",".",".",".",".","C",".",".",".",".",".",".",".",".",".",".",".",".","T",".","C",".",".",".",".",".",".",".",".",".",".",".",".",".",".",".",".",".",".",".",".",".",".",".",".",".",".",".",".",".",".",".",".",".",".",".",38699792
"POS25","27643859","27643860","27643861","27643862","27643863","27643864","27643865","27643866","27643867","27643868","27643869","27643870","27643871","27643872","27643873","27643874","27643875","27643876","27643877","27643878","27643879","27643880","27643881","27643882","27643883","27643884","27643885","27643886","27643887","27643888","27643889","27643890","27643891","27643892","27643893","27643894","27643895","27643896","27643897","27643898","27643899","27643900","27643901","27643902","27643903","27643904","27643905","27643906","27643907","27643908","27643909","27643910","27643911","27643912","27643913","27643914","27643915","27643916","27643917","27643918","27643919","27643920","27643921","27643922","27643923","27643924","27643925","27643926","27643927","27643928","27643929","27643930","27643931","27643932","27643933","27643934","27643935","27643936","27643937","27643938","27643939","27643940","27643941","27643942","27643943","27643944","27643945","27643946","27643947","27643948","27643949","27643950","27643951","27643952","27643953","27643954","27643955","27643956","27643957","27643958","27643959",27643909
"REF25","T","C","T","G","T","T","G","G","A","G","C","A","G","T","G","G","C","T","G","G","T","C","A","T","C","G","T","G","C","C","A","T","T","G","C","T","C","A","G","A","G","T","A","A","C","A","G","T","G","C","A","G","A","A","A","T","T","G","C","A","G","A","T","G","C","T","A","T","C","T","T","T","C","G","C","T","A","C","T","C","T","G","C","A","C","C","A","G","A","A","G","A","G","G","T","T","A","T","G","A","A",27643909
"ALT25",".",".",".",".","A",".",".",".",".",".",".",".",".",".",".",".",".",".",".",".",".",".",".",".",".",".","G",".",".","T",".",".",".",".",".",".",".",".",".",".",".",".",".",".",".",".",".",".",".",".","G",".",".",".",".",".",".",".",".",".",".",".",".",".",".",".",".",".",".",".",".",".",".",".",".",".",".",".",".",".",".",".",".","T",".",".",".",".",".",".",".",".",".",".",".",".",".","G",".",".",".",27643909
"POS26","27918014","27918015","27918016","27918017","27918018","27918019","27918020","27918021","27918022","27918023","27918024","27918025","27918026","27918027","27918028","27918029","27918030","27918031","27918032","27918033","27918034","27918035","27918036","27918037","27918038","27918039","27918040","27918041","27918042","27918043","27918044","27918045","27918046","27918047","27918048","27918049","27918050","27918051","27918052","27918053","27918054","27918055","27918056","27918057","27918058","27918059","27918060","27918061","27918062","27918063","27918064","27918065","27918066","27918067","27918068","27918069","27918070","27918071","27918072","27918073","27918074","27918075","27918076","27918077","27918078","27918079","27918080","27918081","27918082","27918083","27918084","27918085","27918086","27918087","27918088","27918089","27918090","27918091","27918092","27918093","27918094","27918095","27918096","27918097","27918098","27918099","27918100","27918101","27918102","27918103","27918104","27918105","27918106","27918107","27918108","27918109","27918110","27918111","27918112","27918113","27918114",27918064
"REF26","A","A","A","T","G","T","C","G","T","G","G","G","A","A","T","T","C","C","T","C","C","A","G","C","C","A","G","G","T","T","A","T","T","G","A","A","G","C","T","G","A","G","A","T","C","T","C","T","A","C","G","T","T","G","A","C","A","A","G","G","A","A","A","A","G","C","A","A","A","T","T","A","T","G","A","G","A","A","T","A","A","A","A","C","A","G","G","A","A","G","G","G","A","G","A","A","A","A","G","A","G",27918064
"ALT26",".",".",".",".",".",".","G",".","C","A",".",".",".",".",".",".",".",".",".",".",".",".",".",".",".",".",".",".",".",".",".",".",".",".",".",".",".",".",".",".",".",".",".",".",".",".",".",".","G",".","A",".",".",".",".",".",".",".",".",".",".",".",".",".",".",".",".",".",".",".",".",".",".",".",".",".",".","T,C",".",".",".",".",".",".",".",".",".",".",".",".",".",".",".",".",".",".",".",".",".",".",".",27918064
"POS27","28103557","28103558","28103559","28103560","28103561","28103562","28103563","28103564","28103565","28103566","28103567","28103568","28103569","28103570","28103571","28103572","28103573","28103574","28103575","28103576","28103577","28103578","28103579","28103580","28103581","28103582","28103583","28103584","28103585","28103586","28103587","28103588","28103589","28103590","28103591","28103592","28103593","28103594","28103595","28103596","28103597","28103598","28103599","28103600","28103601","28103602","28103603","28103604","28103605","28103606","28103607","28103608","28103609","28103610","28103611","28103612","28103613","28103614","28103615","28103616","28103617","28103618","28103619","28103620","28103621","28103622","28103623","28103624","28103625","28103626","28103627","28103628","28103629","28103630","28103631","28103632","28103633","28103634","28103635","28103636","28103637","28103638","28103639","28103640","28103641","28103642","28103643","28103644","28103645","28103646","28103647","28103648","28103649","28103650","28103651","28103652","28103653","28103654","28103655","28103656","28103657",28103607
"REF27","T","C","T","T","G","C","C","A","G","G","T","A","A","T","T","T","A","T","C","C","A","G","T","A","C","T","T","C","A","T","A","A","A","C","C","T","T","T","T","G","T","T","T","C","T","C","T","T","G","T","A","T","A","T","A","A","A","T","A","T","C","C","A","T","A","C","A","G","T","C","A","G","C","C","T","C","C","A","C","A","G","T","G","T","C","A","G","T","T","G","T","T","A","C","A","A","G","C","T","C","A",28103607
"ALT27",".",".",".",".",".",".",".",".",".",".",".",".",".",".",".",".",".",".",".",".",".",".",".",".",".",".",".",".",".",".",".","T","T",".",".",".",".",".",".",".",".",".",".",".",".",".",".","A",".",".","G",".",".",".",".",".",".",".",".",".",".",".",".",".",".",".",".",".",".",".",".",".",".",".",".",".",".",".",".",".",".","A",".",".",".","G",".",".",".",".",".",".",".",".",".",".",".",".",".",".",".",28103607
"POS28","28662485","28662486","28662487","28662488","28662489","28662490","28662491","28662492","28662493","28662494","28662495","28662496","28662497","28662498","28662499","28662500","28662501","28662502","28662503","28662504","28662505","28662506","28662507","28662508","28662509","28662510","28662511","28662512","28662513","28662514","28662515","28662516","28662517","28662518","28662519","28662520","28662521","28662522","28662523","28662524","28662525","28662526","28662527","28662528","28662529","28662530","28662531","28662532","28662533","28662534","28662535","28662536","28662537","28662538","28662539","28662540","28662541","28662542","28662543","28662544","28662545","28662546","28662547","28662548","28662549","28662550","28662551","28662552","28662553","28662554","28662555","28662556","28662557","28662558","28662559","28662560","28662561","28662562","28662563","28662564","28662565","28662566","28662567","28662568","28662569","28662570","28662571","28662572","28662573","28662574","28662575","28662576","28662577","28662578","28662579","28662580","28662581","28662582","28662583","28662584","28662585",28662535
"REF28","A","T","C","T","T","A","T","A","A","G","C","C","T","G","A","A","G","A","A","A","T","C","C","G","C","T","G","G","G","T","A","T","G","T","G","A","T","A","T","G","T","A","T","T","A","T","T","T","C","C","T","A","C","A","T","G","T","C","T","T","C","T","T","T","A","C","T","T","T","G","A","T","G","T","T","C","T","A","T","A","T","G","A","T","A","G","G","C","A","T","C","T","G","A","T","G","T","A","T","T","C",28662535
"ALT28",".","G",".",".",".",".",".",".",".",".",".",".","A",".",".",".",".",".",".",".",".",".",".",".",".",".",".",".",".",".",".",".",".",".",".",".",".",".",".",".",".",".",".",".",".",".",".",".",".","T","G","G",".",".",".",".",".",".","A",".",".",".",".",".",".",".",".",".",".",".",".",".",".",".",".",".",".",".",".",".",".",".",".",".",".",".",".",".",".",".",".",".",".",".",".",".",".",".",".",".",".",28662535
"POS29","29449316","29449317","29449318","29449319","29449320","29449321","29449322","29449323","29449324","29449325","29449326","29449327","29449328","29449329","29449330","29449331","29449332","29449333","29449334","29449335","29449336","29449337","29449338","29449339","29449340","29449341","29449342","29449343","29449344","29449345","29449346","29449347","29449348","29449349","29449350","29449351","29449352","29449353","29449354","29449355","29449356","29449357","29449358","29449359","29449360","29449361","29449362","29449363","29449364","29449365","29449366","29449367","29449368","29449369","29449370","29449371","29449372","29449373","29449374","29449375","29449376","29449377","29449378","29449379","29449380","29449381","29449382","29449383","29449384","29449385","29449386","29449387","29449388","29449389","29449390","29449391","29449392","29449393","29449394","29449395","29449396","29449397","29449398","29449399","29449400","29449401","29449402","29449403","29449404","29449405","29449406","29449407","29449408","29449409","29449410","29449411","29449412","29449413","29449414","29449415","29449416",29449366
"REF29","C","A","A","G","A","A","C","A","G","T","C","G","A","C","C","A","C","T","C","A","G","C","A","A","C","T","G","A","A","T","G","G","A","A","A","G","T","C","A","A","A","C","A","C","C","T","C","A","T","G","C","G","A","T","T","C","T","T","C","T","G","A","A","A","G","T","G","C","A","G","C","A","T","A","G","T","C","A","G","C","C","C","T","T","A","G","T","C","T","G","C","T","G","A","C","T","T","C","A","G","C",29449366
"ALT29",".",".",".",".",".",".",".",".",".",".",".","T,C",".",".",".",".",".",".",".",".",".",".",".","T",".",".",".",".",".",".",".",".",".",".",".",".",".",".",".",".",".",".",".",".",".",".",".",".",".",".","T",".",".",".",".",".",".",".",".",".",".",".",".",".",".",".",".",".","T",".",".",".",".",".",".",".",".",".",".",".",".","T",".",".",".",".",".",".",".",".",".",".",".","C",".",".",".",".",".",".",".",29449366
"POS30","30140035","30140036","30140037","30140038","30140039","30140040","30140041","30140042","30140043","30140044","30140045","30140046","30140047","30140048","30140049","30140050","30140051","30140052","30140053","30140054","30140055","30140056","30140057","30140058","30140059","30140060","30140061","30140062","30140063","30140064","30140065","30140066","30140067","30140068","30140069","30140070","30140071","30140072","30140073","30140074","30140075","30140076","30140077","30140078","30140079","30140080","30140081","30140082","30140083","30140084","30140085","30140086","30140087","30140088","30140089","30140090","30140091","30140092","30140093","30140094","30140095","30140096","30140097","30140098","30140099","30140100","30140101","30140102","30140103","30140104","30140105","30140106","30140107","30140108","30140109","30140110","30140111","30140112","30140113","30140114","30140115","30140116","30140117","30140118","30140119","30140120","30140121","30140122","30140123","30140124","30140125","30140126","30140127","30140128","30140129","30140130","30140131","30140132","30140133","30140134","30140135",30140085
"REF30","G","C","T","C","T","G","G","A","A","A","T","A","A","A","C","C","A","A","A","T","T","C","T","T","C","T","G","C","A","T","C","T","C","C","T","G","C","A","A","G","A","T","G","G","T","A","A","A","G","A","A","C","T","C","T","T","C","G","G","G","T","A","C","A","T","C","A","A","G","G","C","T","C","T","T","A","G","T","T","T","G","C","C","T","G","G","A","A","A","T","G","G","A","T","T","C","A","A","T","T","C",30140085
"ALT30",".",".",".",".",".",".",".",".",".",".",".",".",".",".",".","T",".",".",".",".",".",".",".",".",".",".",".",".",".",".",".",".",".",".",".",".",".","T",".",".",".",".",".",".",".","T",".",".",".",".","G",".",".",".",".",".",".",".",".",".",".",".","T",".",".",".",".",".",".",".",".",".",".",".",".","G",".",".",".",".",".",".",".",".",".",".",".",".",".",".",".",".",".",".",".",".",".",".",".",".",".",30140085
"POS31","31815083","31815084","31815085","31815086","31815087","31815088","31815089","31815090","31815091","31815092","31815093","31815094","31815095","31815096","31815097","31815098","31815099","31815100","31815101","31815102","31815103","31815104","31815105","31815106","31815107","31815108","31815109","31815110","31815111","31815112","31815113","31815114","31815115","31815116","31815117","31815118","31815119","31815120","31815121","31815122","31815123","31815124","31815125","31815126","31815127","31815128","31815129","31815130","31815131","31815132","31815133","31815134","31815135","31815136","31815137","31815138","31815139","31815140","31815141","31815142","31815143","31815144","31815145","31815146","31815147","31815148","31815149","31815150","31815151","31815152","31815153","31815154","31815155","31815156","31815157","31815158","31815159","31815160","31815161","31815162","31815163","31815164","31815165","31815166","31815167","31815168","31815169","31815170","31815171","31815172","31815173","31815174","31815175","31815176","31815177","31815178","31815179","31815180","31815181","31815182","31815183",31815133
"REF31","A","T","C","G","A","G","C","T","G","T","T","G","A","C","T","T","G","G","G","T","T","C","C","C","C","C","T","C","C","T","T","A","A","A","G","T","T","C","T","T","G","T","T","A","G","T","G","G","T","T","T","T","T","T","G","A","G","A","A","A","T","C","A","T","G","A","G","T","A","A","T","G","A","C","G","T","T","T","G","G","T","T","T","A","A","T","G","A","A","C","T","C","G","A","A","A","A","T","T","A","G",31815133
"ALT31",".",".",".",".",".",".",".",".",".",".",".",".",".",".",".",".",".",".",".",".",".",".",".",".",".",".",".",".",".",".",".",".",".",".",".",".",".",".",".",".",".",".",".",".",".",".",".",".",".",".","C",".",".",".","C","G","A",".",".",".",".",".",".",".",".",".",".",".",".",".",".",".",".",".",".",".",".","A",".",".",".",".",".",".",".",".",".",".",".","T",".",".",".",".",".",".",".",".",".",".",".",31815133
"POS32","34195355","34195356","34195357","34195358","34195359","34195360","34195361","34195362","34195363","34195364","34195365","34195366","34195367","34195368","34195369","34195370","34195371","34195372","34195373","34195374","34195375","34195376","34195377","34195378","34195379","34195380","34195381","34195382","34195383","34195384","34195385","34195386","34195387","34195388","34195389","34195390","34195391","34195392","34195393","34195394","34195395","34195396","34195397","34195398","34195399","34195400","34195401","34195402","34195403","34195404","34195405","34195406","34195407","34195408","34195409","34195410","34195411","34195412","34195413","34195414","34195415","34195416","34195417","34195418","34195419","34195420","34195421","34195422","34195423","34195424","34195425","34195426","34195427","34195428","34195429","34195430","34195431","34195432","34195433","34195434","34195435","34195436","34195437","34195438","34195439","34195440","34195441","34195442","34195443","34195444","34195445","34195446","34195447","34195448","34195449","34195450","34195451","34195452","34195453","34195454","34195455",34195405
"REF32","A","T","T","T","G","T","G","A","G","A","T","T","G","A","A","A","A","G","T","A","A","T","T","C","T","C","T","T","G","A","T","T","T","T","A","T","C","A","T","G","G","G","T","T","A","A","C","T","T","G","T","T","A","A","C","C","C","T","T","T","T","A","T","T","T","C","A","G","G","C","T","G","G","C","A","A","G","G","G","T","G","G","T","G","A","A","C","T","T","A","C","G","C","A","T","G","A","T","G","A","A",34195405
"ALT32",".",".",".",".",".",".",".",".",".",".",".",".",".",".",".",".",".",".",".",".",".",".",".",".",".",".",".",".",".",".",".",".",".",".",".",".",".",".",".","T",".",".",".",".",".",".",".",".",".",".","C",".",".","T",".",".",".","A",".",".",".",".",".",".",".",".",".",".",".",".",".",".",".",".",".",".",".",".",".","C",".",".",".",".",".",".",".",".",".",".",".","C",".",".",".",".",".",".",".",".",".",34195405
"POS33","34514695","34514696","34514697","34514698","34514699","34514700","34514701","34514702","34514703","34514704","34514705","34514706","34514707","34514708","34514709","34514710","34514711","34514712","34514713","34514714","34514715","34514716","34514717","34514718","34514719","34514720","34514721","34514722","34514723","34514724","34514725","34514726","34514727","34514728","34514729","34514730","34514731","34514732","34514733","34514734","34514735","34514736","34514737","34514738","34514739","34514740","34514741","34514742","34514743","34514744","34514745","34514746","34514747","34514748","34514749","34514750","34514751","34514752","34514753","34514754","34514755","34514756","34514757","34514758","34514759","34514760","34514761","34514762","34514763","34514764","34514765","34514766","34514767","34514768","34514769","34514770","34514771","34514772","34514773","34514774","34514775","34514776","34514777","34514778","34514779","34514780","34514781","34514782","34514783","34514784","34514785","34514786","34514787","34514788","34514789","34514790","34514791","34514792","34514793","34514794","34514795",34514745
"REF33","T","G","C","T","C","A","G","T","G","A","G","T","T","T","T","G","G","T","G","C","A","T","G","T","A","A","G","C","T","A","C","T","A","G","G","T","C","A","G","A","A","G","A","T","G","C","C","T","A","G","C","C","T","C","A","A","T","G","T","T","G","A","A","G","T","T","A","T","T","G","A","T","G","A","G","A","G","G","G","G","A","C","C","T","C","C","A","G","A","T","T","C","A","A","G","A","C","C","A","G","A",34514745
"ALT33",".",".",".",".",".",".",".",".",".",".",".","A",".",".",".",".",".",".",".",".",".",".",".",".",".",".",".",".",".",".",".",".",".",".",".",".",".",".",".",".",".",".","C",".",".",".",".",".",".",".","G",".",".",".","T",".",".",".",".",".",".",".",".",".",".",".",".",".",".",".",".",".",".",".",".",".",".","A",".",".",".",".",".",".",".",".",".",".",".",".",".",".",".",".",".",".",".",".","T",".",".",34514745
"POS34","34584854","34584855","34584856","34584857","34584858","34584859","34584860","34584861","34584862","34584863","34584864","34584865","34584866","34584867","34584868","34584869","34584870","34584871","34584872","34584873","34584874","34584875","34584876","34584877","34584878","34584879","34584880","34584881","34584882","34584883","34584884","34584885","34584886","34584887","34584888","34584889","34584890","34584891","34584892","34584893","34584894","34584895","34584896","34584897","34584898","34584899","34584900","34584901","34584902","34584903","34584904","34584905","34584906","34584907","34584908","34584909","34584910","34584911","34584912","34584913","34584914","34584915","34584916","34584917","34584918","34584919","34584920","34584921","34584922","34584923","34584924","34584925","34584926","34584927","34584928","34584929","34584930","34584931","34584932","34584933","34584934","34584935","34584936","34584937","34584938","34584939","34584940","34584941","34584942","34584943","34584944","34584945","34584946","34584947","34584948","34584949","34584950","34584951","34584952","34584953","34584954",34584904
"REF34","T","A","A","T","T","C","A","G","A","A","T","A","T","G","G","T","C","A","A","T","A","T","G","C","A","A","C","C","T","G","A","A","A","C","T","C","C","A","C","A","G","C","A","A","T","C","T","T","G","G","C","C","A","T","A","A","C","A","A","A","G","A","A","G","G","A","A","G","T","A","A","C","T","C","A","A","C","T","T","T","C","C","G","C","A","A","T","G","T","C","T","A","A","T","A","T","A","A","A","T","T",34584904
"ALT34",".",".",".",".",".",".",".",".",".",".",".",".",".",".",".",".",".",".",".",".",".",".",".",".",".",".",".",".","A",".",".",".",".",".",".",".",".",".",".",".",".",".",".",".",".",".",".","A",".",".","T",".",".",".",".",".",".",".",".",".",".",".",".",".","T",".",".",".",".","T",".",".",".",".",".",".",".",".",".",".",".",".",".",".",".",".",".",".",".",".",".",".",".",".",".","C",".",".",".",".",".",34584904
"POS35","34584873","34584874","34584875","34584876","34584877","34584878","34584879","34584880","34584881","34584882","34584883","34584884","34584885","34584886","34584887","34584888","34584889","34584890","34584891","34584892","34584893","34584894","34584895","34584896","34584897","34584898","34584899","34584900","34584901","34584902","34584903","34584904","34584905","34584906","34584907","34584908","34584909","34584910","34584911","34584912","34584913","34584914","34584915","34584916","34584917","34584918","34584919","34584920","34584921","34584922","34584923","34584924","34584925","34584926","34584927","34584928","34584929","34584930","34584931","34584932","34584933","34584934","34584935","34584936","34584937","34584938","34584939","34584940","34584941","34584942","34584943","34584944","34584945","34584946","34584947","34584948","34584949","34584950","34584951","34584952","34584953","34584954","34584955","34584956","34584957","34584958","34584959","34584960","34584961","34584962","34584963","34584964","34584965","34584966","34584967","34584968","34584969","34584970","34584971","34584972","34584973",34584923
"REF35","T","A","T","G","C","A","A","C","C","T","G","A","A","A","C","T","C","C","A","C","A","G","C","A","A","T","C","T","T","G","G","C","C","A","T","A","A","C","A","A","A","G","A","A","G","G","A","A","G","T","A","A","C","T","C","A","A","C","T","T","T","C","C","G","C","A","A","T","G","T","C","T","A","A","T","A","T","A","A","A","T","T","G","A","A","A","C","A","G","T","G","C","A","G","A","C","A","A","A","T","A",34584923
"ALT35",".",".",".",".",".",".",".",".",".","A",".",".",".",".",".",".",".",".",".",".",".",".",".",".",".",".",".",".","A",".",".","T",".",".",".",".",".",".",".",".",".",".",".",".",".","T",".",".",".",".","T",".",".",".",".",".",".",".",".",".",".",".",".",".",".",".",".",".",".",".",".",".",".",".",".",".","C",".",".",".",".",".",".",".",".",".",".",".",".",".",".",".",".",".",".",".",".",".",".",".",".",34584923
"POS36","35626796","35626797","35626798","35626799","35626800","35626801","35626802","35626803","35626804","35626805","35626806","35626807","35626808","35626809","35626810","35626811","35626812","35626813","35626814","35626815","35626816","35626817","35626818","35626819","35626820","35626821","35626822","35626823","35626824","35626825","35626826","35626827","35626828","35626829","35626830","35626831","35626832","35626833","35626834","35626835","35626836","35626837","35626838","35626839","35626840","35626841","35626842","35626843","35626844","35626845","35626846","35626847","35626848","35626849","35626850","35626851","35626852","35626853","35626854","35626855","35626856","35626857","35626858","35626859","35626860","35626861","35626862","35626863","35626864","35626865","35626866","35626867","35626868","35626869","35626870","35626871","35626872","35626873","35626874","35626875","35626876","35626877","35626878","35626879","35626880","35626881","35626882","35626883","35626884","35626885","35626886","35626887","35626888","35626889","35626890","35626891","35626892","35626893","35626894","35626895","35626896",35626846
"REF36","A","A","G","T","A","T","G","G","G","A","T","T","T","A","G","A","A","A","T","A","A","A","T","G","G","A","C","T","C","A","A","G","T","G","A","A","G","A","A","A","T","A","C","A","A","C","T","C","A","C","A","G","C","G","G","T","C","T","T","T","C","C","T","G","T","A","A","C","A","G","G","G","C","T","G","T","C","A","G","T","T","T","T","T","G","C","C","A","C","A","G","C","C","T","G","A","T","C","A","C","C",35626846
"ALT36",".",".",".",".",".",".",".",".",".",".",".",".",".",".",".",".",".",".",".",".",".",".",".",".",".",".",".",".",".",".",".",".",".",".",".",".",".",".",".",".",".",".",".",".",".",".",".",".",".",".","T",".",".","T",".",".",".",".",".",".",".",".",".",".",".",".","T",".",".",".",".",".",".",".","C",".",".",".",".",".",".",".",".",".",".",".",".","G",".",".",".",".",".",".",".",".",".",".",".","A",".",35626846
"POS37","38763603","38763604","38763605","38763606","38763607","38763608","38763609","38763610","38763611","38763612","38763613","38763614","38763615","38763616","38763617","38763618","38763619","38763620","38763621","38763622","38763623","38763624","38763625","38763626","38763627","38763628","38763629","38763630","38763631","38763632","38763633","38763634","38763635","38763636","38763637","38763638","38763639","38763640","38763641","38763642","38763643","38763644","38763645","38763646","38763647","38763648","38763649","38763650","38763651","38763652","38763653","38763654","38763655","38763656","38763657","38763658","38763659","38763660","38763661","38763662","38763663","38763664","38763665","38763666","38763667","38763668","38763669","38763670","38763671","38763672","38763673","38763674","38763675","38763676","38763676","38763677","38763678","38763679","38763680","38763681","38763682","38763683","38763684","38763685","38763686","38763687","38763688","38763689","38763690","38763691","38763692","38763693","38763694","38763695","38763696","38763697","38763698","38763699","38763700","38763701","38763702",38763653
"REF37","C","A","G","G","A","T","C","A","T","T","G","G","T","A","G","T","G","A","A","A","T","T","T","T","C","T","G","A","A","T","C","T","C","T","A","G","T","T","A","T","A","T","T","T","G","C","T","C","C","T","A","T","C","G","G","T","G","G","T","A","A","G","A","A","T","A","T","C","A","C","A","G","A","A","AG","G","T","G","T","T","T","T","T","C","C","A","A","G","G","C","T","T","C","A","A","A","C","A","A","T","A",38763653
"ALT37",".",".",".",".",".",".",".",".",".",".",".",".",".",".",".",".",".",".",".",".",".","A",".",".",".","A",".",".",".",".",".",".",".",".",".",".",".",".",".",".",".",".",".",".",".",".",".",".",".",".","G",".",".",".",".",".",".",".",".",".",".",".",".",".",".",".",".",".",".","T",".",".",".",".","AGG",".",".",".",".",".",".",".",".",".",".",".",".",".","A",".",".",".",".",".",".",".",".",".",".",".",".",38763653
