,CHROM,V7_POS,SEQ,SNP,REF,ALT,INTERTEK_ID
1,1,27643909,KCWAAGAAGAGGAGAWCCTCATGGATCTGWTGGAGCAGTGGCTGGTCATCGKGCYATTGCTCAGAGTAACAGTGC[A/G]GAAATTGCAGATGCTATCTTTCGCTACTCTGCWCCAGAAGAGGTTAKGAAATCATAATTGTTGAAYACTCCATGT,A/G,A,G,snpME00505
2,1,28103607,GACCATGAATTGGCACTCAGGCTGATCTTGCCAGGTAATTTATCCAGTACTTCATAWwCCTTTTGTTTCTCTWGT[A/G]TATAAATATCCATACAGTCAGCCTCCACAGWGTCRGtTGTTACAAGCTCAAACAATGGtTGWAGGtTCTTAACAA,A/G,A,G,snpME00507
3,1,29449366,ARAACAGTTTATCAGATAAGCAATCCAAGAACAGTCBACCACTCAGCAWCTGAATGGAAAGTCAAACACCTCATG[C/T]GATTCTTCTGAAAGTGCWGCATAGTCAGCCYTTAGTCTGCTGMCTTCAGCTGTTAGMTCCTTCAWCACTTGRWTT,C/T,C,T,snpME00510
4,1,31196826,AGATTACAACATTGCSAACACACCAGCTCCTAATGGTAAGTTAGTGATGTATGTAATGAAGGtTATGCTCTTYTT[C/T]GATGGtGVGttTGTGtCTTTGTGAGAGAGAGAAAGAAKtGCTCTAAGCTGTGTTTTCTGGGCtTTGTAaCTCCCA,C/T,C,T,snpME00516
5,1,32865115,ACTTTCRTTTTTTTWACTTTCWCTACTCTATTCAAAAGGYTTTTACTTCATTRATTCTTCATTGTGAATTCAGGA[A/G]TTTCTAGMAGATGTAGGACCCCTTGAGAGCCTTCAGTTGGATGGTCCTGCACWGGAAGGWGTTCTGAAAGTGTTC,A/G,A,G,snpME00520
6,1,34462062,TATTGATGCTCADMGACTTGTGAWAATAGTACATRATACTGGTGTATTGGAGGGGGAAAATTGTGAGCCAATTGA[C/T]ATAGCTAATGCTGCAGTATATCTTGCATCTGAGGATGCCAAGTACGTTAATGGGCATAWTTTGGTGGKTGATGGA,C/T,C,T,snpME00524
7,1,35808218,AAAAATGAAAGACTCTGGAAGTGTGTGAACACTACAGGTGGTAATCCCAaCCAGTACCCWAAGGGAACATGGGAT[A/C]AAATACAGAAGTTCCTGmCCTCCTCTGCAGGGCGATCAGCCATATTGGCTTCTCATTGCAGGTAAACTCGTTTAT,A/C,A,C,snpME00534
8,1,37123583,CAGATTGTGTATCGCTGTCRTGATCAYTCYTTCCWGAGGAAGGACTATCCCRCCTTCCATGAATTCCCCTGGAAT[G/A]ATTGCTTATATCCCCTCTAGTGGGCGGGGATGAACCATAGTCATTTCGCCTATAACTTTGWGACGATAAGCTGCC,G/A,G,A,snpME00536
9,1,38699792,TATMATTCTTACTRATCCAGAATCTGRTCTCcCwCTGCAAAGAAATAGAGTCACTTTGTATCCTATTCAGGGTGA[A/C]TATTCACGAGACWASTTGATGCTTCAAAGAATAAGATCTTACATTGTAAGAGACCATCGCATTGCTTAAA,A/C,A,C,snpME00540
10,1,39131171,GCTGAAGARAYGAGTACAaCTCACWTTGATGACCAGGCTGGAAAAGGATCTAATGAAGCRAAAGCAGTAAATAYA[A/G]GGAAAAATGAAATGAAAGGTAACATGTCAATTGGCATCAGCGAGAWGAATAYTGATASTCACTGCAATGTGCCAA,A/G,A,G,snpME00542