"","candidate","consensus"
"1","34240125","ATAAAaCaCCTTTTCYTTATATTCTGATGTATGACACTAACATGCAGGAAGATAAAGAAAGAGAGAGGGTTATAA[R]TGATCCTAATGCTGTAGTTCCAGCAGCATTCGTWTCATTCAGAACCCGATGGGGAGCAGCTATCTGTGCTCARAC"
"2","34462062","TATTGATGCTCADMGACTTGTGAWAATAGTACATRATACTGGTGTATTGGAGGGGGAAAATTGTGAGCCAATTGA[Y]ATAGCTAATGCTGCAGTATATCTTGCATCTGAGGATGCCAAGTACGTTAATGGGCATAWTTTGGTGGKTGATGGA"
"3","32476579","aCaGCAGCGgGAAtAAwWTTGtTACTGaAaGtCaCTTAGGtaTGCTAGCTGCGCTAAaTACTTaTCGGCCGAtTA[Y]GGGtAGtGGCAGCGCCTCCGAGTCTCTGGSAAGTMGGtCAAaTCCaCACCAAGGAGAAGAGGATGGGCAAGATAC"
"4","34737517","t*(TACCAAATTCA)accaaatTCATGATTAATTCCTCTGAGACTGAATAGGTTTCAATGGAAGCATCAACTCCTGCMAATTCTCCGA[K]TATTAGACCTATAAACAAAGGCGTGGTGCACAGAATCTGC[K]CCGGCCAAGTGATCTTAGACCTTTCATCGGCCGT"
"5","35808218","AAAAATGAAAGACTCTGGAAGTGTGTGAACACTACAGGTGGTAATCCCAaCCAGTACCCWAAGGGAACATGGGAT[M]AAATACAGAAGTTCCTGmCCTCCTCTGCAGGGCGATCAGCCATATTGGCTTCTCATTGCAGGTAAACTCGTTTAT"
"6","37269340","CCTGATGTGCWGGATTCAGAACTACTTGTTCAGCAGCTTGATTCCTATTCTGGCCATCCTGRGAGGAACCATGGt[R]CTGAGCCAAATCAAAGAATTTTCTAGACTGTWGAGGCATTTGCATTGAACCTGAAGATGAAGCAAAACTGYTTCC"
"7","29598785","ATYAAACTAAATT*(TACGCAAAAA)ACGCAAAAATCCGATAATTCACTAMAATATATATGCATATARTCCTTWAAAAAATTGCTGT[S]ATCGAAATTGGGGtTACTTCTTCAGCAGAAACTGAGATCTCGTTGGCCTTCTCWTCGGCTTCCTGGCGGATGAAT"
"8","29944386","ACTTCCAGAGTWTGAACAGGTGCAGCAACAATWGACTCGGAATCCTARCATCATGAGGGAAATCATGAATATGCC[Y]GTTATTCAGAACCTAATGAAYAACCCTGAGATCATGCGGAACTTGATAATGAACAwCCCTCAAATGCGTGAAATC"
"9","31196826","AGATTACAACATTGCSAACACACCAGCTCCTAATGGTAAGTTAGTGATGTATGTAATGAAGGtTATGCTCTTYTT[Y]GATGGtGVGttTGTGtCTTTGTGAGAGAGAGAAAGAAKtGCTCTAAGCTGTGTTTTCTGGGCtTTGTAaCTCCCA"
"10","32865115","ACTTTCRTTTTTTTWACTTTCWCTACTCTATTCAAAAGGYTTTTACTTCATTRATTCTTCATTGTGAATTCAGGA[R]TTTCTAGMAGATGTAGGACCCCTTGAGAGCCTTCAGTTGGATGGTCCTGCACWGGAAGGWGTTCTGAAAGTGTTC"
"11","34737558","TCAATGGAAGCATCAACTCCTGCMAATTCTCCGA[K]TATTAGACCTATAAACAAAGGCGTGGTGCACAGAATCTGC[K]CCGGCCAAGTGATCTTAGACCTTTCATCGGCCGTGAAGGAGtWGGtWGAAAACAGCTTAGaCGCTGGCGCCACAA"
"12","37370715","ATCCTGAGCAAAGGCCATGCAGTGAAGACTTCAAGAAAAAATGGATTGAGGTATATATTCTTTTGTGTTCCACTA[R]TTGTGGARTTT*(TA)ATTTTTCCATTCTGAACTGATAGWAACCTACTTCTTTTCCTTTTRAAGTTCCAC*(CT)T*(TAAAAAA)aaaaaaTAT"
"13","39131171","GCTGAAGARAYGAGTACAaCTCACWTTGATGACCAGGCTGGAAAAGGATCTAATGAAGCRAAAGCAGTAAATAYA[R]GGAAAAATGAAATGAAAGGTAACATGTCAATTGGCATCAGCGAGAWGAATAYTGATASTCACTGCAATGTGCCAA"
"14","29423079","TGATTTTGGTSTTTYAAttttttyttCTTGGTTTWTGCTTAGTAGTTGATTTGAYGGTTAT*(TGGG)ggGgtTTAACACA[Y]ACTCTTTCTCTATACCAGGTTGCTGAAGGTTATCCACCCAACTTGAAGAGAGCACTTCTCTTGCATTTTTTGAAC"
"15","30140110","GCTCTGGAAATAAACYAAATTCTTCTGCATCTCCTGCWAGATGGTWAAGA[R]CTCTTCGGGTAYATCAAGGCTCTT[R]GTTTGCCTGGAAATGGATTCAATTCTAGCCTGTTCTTCTTTGTCAACGTTTATAATCAATGCCCTAGCGGCTTCC"
"16","30312867","RAAAAAGATWAATGACAAGAATCAGTCTTTCCAAGATCCAATTTTGAGTASTAGCTCSGCAAAAACTGCTCCAAY[R]TCAAAGGCAGTACYATGTTCCGAGGAAAATATGGCAGTAATTCCATCATCCaCCTTTTCTYGCTCAGCAAGVCAA"
"17","31748949","STATGCTTGGGGtTTAAGCGATTGCAAGTGTTTCKGATCTGAGGCTATGATGAAAGATCTGTAACTTGACTCCAA[R]CAGCAGTGWTTCTCTGCCCTAACAGAGAAGGAtCAGK*(GTTTTT)tTTTWGTGTTATGATTCGAGGAGGAAACTCTATTGGt"
"18","33945193","TARTAAAGACAGTAGGGTTATGAAAGAGCGTCCCATTTTAGTTGCAGCTTCTGTTGGCAGCTATGGAGCTTATTT[R]GCTRATGGATCTGAGTACAGGTGAGTAGACATGTTATTSAARACWATGCATGATCTATMTTCSTGTTKTTAATTT"
"19","34843970","WCTGGCTAGGACCTCTACAAGAGGCCGGTATTATGAGCCTACATTTTATGGGCGGTTGCTTGCTAGCTTCTCAWT[R]TCCTTYGATGCCTCAGTTCTTCTACTCAARTT[Y]GGAGATATTGGATTGTTGCGTGAAGGCATTCTRATTGSTATA"
"20","35045456","TTGGGTCCCGAAGGTCWATGGGAAGAATAATAAGCATTTGCAACATGCGAGKTTGGAGGCAAAGGGGGAGTTATT[R]TCACAGGGAWMTGATGTTGCCAAAATGATAGAGTCWAATATTCCAATGTACAAGGAWGTCTTGCCTGGTTTAGAA"
"21","35204767","CAGCAAAACTTTGGACRAaTCCAACAGAATCTTCAaCCTCTGGAAGAATCAATGAGTCAGATGGACTAGTATATG[Y]AATATCATTATCATCGTGTGCTGGCCCAGGAWATTCCTTGATACKAGA[Y]WACDCAWGAGCAWCTTGATCACAAGC"
"22","36159781","AMACTCAACTATAGTCCCAAGAACAGCCGCACAGATAGGCTTATGAGGCATCAAAA*(AGC)GCAYKATAAGACCATAAT[K]CGACAGTGGAACTATG*(GAA)aaTTTTCAAGTAGTTTGGCAAATTTACCAATGAACACTCCATCTTTCACAWCAKCAAA"
"23","37123583","CAGATTGTGTATCGCTGTCRTGATCAYTCYTTCCWGAGGAAGGACTATCCCRCCTTCCATGAATTCCCCTGGAAT[R]ATTGCTTATATCCCCTCTAGTGGGCGGGGATGAACCATAGTCATTTCGCCTATAACTTTGWGACGATAAGCTGCC"
"24","37863517","GGAATGGAAAAAGAGGGATATCWCAGGTATATATCACWAGTGGCAAAACATGGtGAGtTTCTAGAGCTGaTGCAC[R]CATTTYCATTTGTGGCATTTTAWAATGTTGTGCTCTGGGtGAACRAGATTGTGCCACRTTYATYCTAGATGTTAY"
"25","38699792","TATMATTCTTACTRATCCAGAATCTGRTCTCcCwCTGCAAAGAAATAGAGTCACTTTGTATCCTATTCAGGGTGA[M]TATTCACGAGACWASTTGATGCTTCAAAGAATAAGATCTTACATTGTAAGAGACCATCGCATTGCT*(TAAA)aAaAa*(AT)TA"
"26","27643909","KCWAAGAAGAGGAGAWCCTCATGGATCTGWTGGAGCAGTGGCTGGTCATCGKGCYATTGCTCAGAGTAACAGTGC[R]GAAATTGCAGATGCTATCTTTCGCTACTCTGCWCCAGAAGAGGTTAKGAAATCATAATTGTTGAAYACTCCATGT"
"27","27918064","CWAAGTCYACTTTTTCCWATTGGGAAAATGTSGYRGGAATTCCTCCAGCCAGGTTATTGAAGCTGAGATCTCTRC[R]TTGACAAGGAAAAGCAAATTATGAGAHTAAAACAGGAAGGGAGAAAAGAGRAAAGTTTTAAAAGCAATTGTCTGT"
"28","28103607","GACCATGAATTGGCACTCAGGCTGATCTTGCCAGGTAATTTATCCAGTACTTCATAWwCCTTTTGTTTCTCTWGT[R]TATAAATATCCATACAGTCAGCCTCCACAGWGTCRGtTGTTACAAGCTCAAACAATGGtTGWAGGtTCTTAACAA"
"29","28662535","TAGAAGAGACWCTCAAGTGGAGGGCAKCTTATAAGCCWGAAGAAATCCGCTGGGTATGTGATATGTATTATTTCY[K]RCATGTCWTCTTTACTTTGATGTTCTATATGATAGGCATCTGATGTATTCTATAYWTTGTTCAGCYTTACRTAAC"
"30","29449366","ARAACAGTTTATCAGATAAGCAATCCAAGAACAGTCBACCACTCAGCAWCTGAATGGAAAGTCAAACACCTCATG[Y]GATTCTTCTGAAAGTGCWGCATAGTCAGCCYTTAGTCTGCTGMCTTCAGCTGTTAGMTCCTTCAWCACTTGRWTT"
"31","30140085","TCAAAGCCTCCCTCTWTTGCTCCTTGCTCTGGAAATAAACYAAATTCTTCTGCATCTCCTGCWAGATGGTWAAGA[R]CTCTTCGGGTAYATCAAGGCTCTT[R]GTTTGCCTGGAAATGGATTCAATTCTAGCCTGTTCTTCTTTGTCAACGTT"
"32","31815133","CTTTAAGAATTGGGAWTAGSTCGAAATCGAGCTGTTGACTTGGGTTCCCCCTCCTTAAAGTTCTTGTTAGTGGTT[Y]TTTSRRAAATCATGAGTAATGACGTTWGGTTTAATGAAYTCGAAAATTAGTATTCGCATCGTGKTATTC*(CTTTATTTTATTTTATTTT)TTTRTT"
"33","34195405","Wt*(TGCA)gca*(ATTT)tttAAATTTGAGAATCAAATTTGTGAGATTGAAAAGTAATTCTCTTGATTTTATCATKGGTTAACTTG[Y]TAWCCCWTTTATTTCAGGCTGGCAAGGGYGGTGAACTTACSCATGATGAAACSACAATTATCAGTGGAGCATTAG"
"34","34514745","AATGCGATCCCTWTGGATGTCTTCTTGCTCAGTGAGWTTTGGTGCATGTAaGCTACTAGGTCAGAAGMTGCCTAG[S]CTCWATGTTGAAGTTATTGATGAGAGRGGACCTCCAGATTCAAGACCWGAAAGTTGTCCTGTAGAGAAACTTTAC"
"35","34584904","ACAGGRACAATTAGTCSAGATCAATTAATTCAGAATATGGTCAATATGCAACCWGAAACTCCACAGCAATCTWGG[Y]CATAACAAAGAAGKAAGT[W]ACTCAACTTTCCGCAATGTCTAATAYAAATTGAAACAGTGCAGACAAATACAG*(GATAT)AT"
"36","34584923","ATCAATTAATTCAGAATATGGTCAATATGCAACCWGAAACTCCACAGCAATCTWGG[Y]CATAACAAAGAAGKAAGT[W]ACTCAACTTTCCGCAATGTCTAATAYAAATTGAAACAGTGCAGACAAATACAG*(GATAT)ATaTTTTACATTCAAAGGACA"
"37","35626846","TGAAAACRTWGAAAGCTTGCATTAGAAGTATGGGATTTAGAAATAAATGGACTCAAGTGAAGAAATACAACTCAC[W]GCKGTCTTTCCTGTAWCAGGGCTSTCAGTTTTTGCCRCAGCCTGATCAMCAATCATGGtTTTTTTGTATCTGGTT"
"38","38763653","AAGACARTRACATGACCCARTACYTCAGGATCATTGGTAGTGAAATWTTCWGAATCTCTAGTTATATTTGCTCCT[R]TCGGTGGTAAGAATATCA[Y]AGAA*(AG)GTGTTTTTCCAAGRCTTCAAACAATAACAATCTCGTKCTGYATTGTWRTCT"
